comp_name,stock_id,chg_stock_id
金融街,SZ000402,sz.000402
新大正,SZ002968,sz.002968
华如科技,SZ301302,sz.301302
厦门银行,SH601187,sh.601187
大洋电机,SZ002249,sz.002249
乾景园林,SH603778,sh.603778
滨化股份,SH601678,sh.601678
奇正藏药,SZ002287,sz.002287
万马科技,SZ300698,sz.300698
神农集团,SH605296,sh.605296
涛涛车业,SZ301345,sz.301345
金河生物,SZ002688,sz.002688
立新能源,SZ001258,sz.001258
科信技术,SZ300565,sz.300565
伊戈尔,SZ002922,sz.002922
永艺股份,SH603600,sh.603600
彩虹股份,SH600707,sh.600707
魅视科技,SZ001229,sz.001229
森霸传感,SZ300701,sz.300701
用友网络,SH600588,sh.600588
宝胜股份,SH600973,sh.600973
广和通,SZ300638,sz.300638
城建发展,SH600266,sh.600266
嘉泽新能,SH601619,sh.601619
恒立实业,SZ000622,sz.000622
哈铁科技,SH688459,sh.688459
上海环境,SH601200,sh.601200
美达股份,SZ000782,sz.000782
吉峰科技,SZ300022,sz.300022
大禹节水,SZ300021,sz.300021
木林森,SZ002745,sz.002745
美锦能源,SZ000723,sz.000723
春兰股份,SH600854,sh.600854
奥翔药业,SH603229,sh.603229
金发科技,SH600143,sh.600143
西大门,SH605155,sh.605155
北京银行,SH601169,sh.601169
镇海股份,SH603637,sh.603637
北巴传媒,SH600386,sh.600386
孚日股份,SZ002083,sz.002083
中电环保,SZ300172,sz.300172
燕京啤酒,SZ000729,sz.000729
康尼机电,SH603111,sh.603111
富奥股份,SZ000030,sz.000030
TCL科技,SZ000100,sz.000100
莱宝高科,SZ002106,sz.002106
金城医药,SZ300233,sz.300233
龙泉股份,SZ002671,sz.002671
国光股份,SZ002749,sz.002749
青岛食品,SZ001219,sz.001219
今创集团,SH603680,sh.603680
东风股份,SH601515,sh.601515
玉马遮阳,SZ300993,sz.300993
军信股份,SZ301109,sz.301109
仕净科技,SZ301030,sz.301030
金地集团,SH600383,sh.600383
上海三毛,SH600689,sh.600689
倍加洁,SH603059,sh.603059
三木集团,SZ000632,sz.000632
惠达卫浴,SH603385,sh.603385
华塑股份,SH600935,sh.600935
科翔股份,SZ300903,sz.300903
丰立智能,SZ301368,sz.301368
东兴证券,SH601198,sh.601198
澄天伟业,SZ300689,sz.300689
华尔泰,SZ001217,sz.001217
片仔癀,SH600436,sh.600436
卧龙电驱,SH600580,sh.600580
首华燃气,SZ300483,sz.300483
宝色股份,SZ300402,sz.300402
中航沈飞,SH600760,sh.600760
中船防务,SH600685,sh.600685
中信海直,SZ000099,sz.000099
五洲交通,SH600368,sh.600368
华骐环保,SZ300929,sz.300929
神剑股份,SZ002361,sz.002361
迪阿股份,SZ301177,sz.301177
京粮控股,SZ000505,sz.000505
浙大网新,SH600797,sh.600797
华达科技,SH603358,sh.603358
顺钠股份,SZ000533,sz.000533
中坚科技,SZ002779,sz.002779
广汇物流,SH600603,sh.600603
宜宾纸业,SH600793,sh.600793
宇信科技,SZ300674,sz.300674
水发燃气,SH603318,sh.603318
三全食品,SZ002216,sz.002216
万科A,SZ000002,sz.000002
煌上煌,SZ002695,sz.002695
星网宇达,SZ002829,sz.002829
新乳业,SZ002946,sz.002946
塔牌集团,SZ002233,sz.002233
中信重工,SH601608,sh.601608
安克创新,SZ300866,sz.300866
闰土股份,SZ002440,sz.002440
财通证券,SH601108,sh.601108
贵州燃气,SH600903,sh.600903
中原证券,SH601375,sh.601375
超频三,SZ300647,sz.300647
华宏科技,SZ002645,sz.002645
博思软件,SZ300525,sz.300525
动力B股,SH900920,sh.900920
利尔化学,SZ002258,sz.002258
顶固集创,SZ300749,sz.300749
汇宇制药-W,SH688553,sh.688553
金花股份,SH600080,sh.600080
康缘药业,SH600557,sh.600557
普瑞眼科,SZ301239,sz.301239
威帝股份,SH603023,sh.603023
三孚股份,SH603938,sh.603938
凯龙高科,SZ300912,sz.300912
西南证券,SH600369,sh.600369
三友医疗,SH688085,sh.688085
蓝科高新,SH601798,sh.601798
安科瑞,SZ300286,sz.300286
新天科技,SZ300259,sz.300259
迈瑞医疗,SZ300760,sz.300760
中银证券,SH601696,sh.601696
元道通信,SZ301139,sz.301139
益客食品,SZ301116,sz.301116
恒泰艾普,SZ300157,sz.300157
联发股份,SZ002394,sz.002394
深粮B,SZ200019,sz.200019
粤宏远A,SZ000573,sz.000573
亚邦股份,SH603188,sh.603188
重庆燃气,SH600917,sh.600917
天普股份,SH605255,sh.605255
大西洋,SH600558,sh.600558
北大医药,SZ000788,sz.000788
精华制药,SZ002349,sz.002349
博闻科技,SH600883,sh.600883
汇洁股份,SZ002763,sz.002763
向日葵,SZ300111,sz.300111
名家汇,SZ300506,sz.300506
楚天高速,SH600035,sh.600035
福日电子,SH600203,sh.600203
顺发恒业,SZ000631,sz.000631
天新药业,SH603235,sh.603235
华茂股份,SZ000850,sz.000850
国投资本,SH600061,sh.600061
联影医疗,SH688271,sh.688271
国新B股,SH900913,sh.900913
博汇股份,SZ300839,sz.300839
越秀资本,SZ000987,sz.000987
申达股份,SH600626,sh.600626
威尔药业,SH603351,sh.603351
飞力达,SZ300240,sz.300240
哈尔斯,SZ002615,sz.002615
戎美股份,SZ301088,sz.301088
国海证券,SZ000750,sz.000750
中光学,SZ002189,sz.002189
环旭电子,SH601231,sh.601231
中科海讯,SZ300810,sz.300810
国元证券,SZ000728,sz.000728
新大陆,SZ000997,sz.000997
长航凤凰,SZ000520,sz.000520
祥鑫科技,SZ002965,sz.002965
京威股份,SZ002662,sz.002662
森特股份,SH603098,sh.603098
物产环能,SH603071,sh.603071
东瑞股份,SZ001201,sz.001201
中原环保,SZ000544,sz.000544
国电南瑞,SH600406,sh.600406
海星股份,SH603115,sh.603115
晶科能源,SH688223,sh.688223
光启技术,SZ002625,sz.002625
亿利达,SZ002686,sz.002686
隆基绿能,SH601012,sh.601012
泰豪科技,SH600590,sh.600590
东方盛虹,SZ000301,sz.000301
利民股份,SZ002734,sz.002734
格力电器,SZ000651,sz.000651
养元饮品,SH603156,sh.603156
美亚光电,SZ002690,sz.002690
农业银行,SH601288,sh.601288
东莞控股,SZ000828,sz.000828
汉商集团,SH600774,sh.600774
莱绅通灵,SH603900,sh.603900
朗科智能,SZ300543,sz.300543
双汇发展,SZ000895,sz.000895
毅昌科技,SZ002420,sz.002420
南极光,SZ300940,sz.300940
道森股份,SH603800,sh.603800
捷强装备,SZ300875,sz.300875
龙江交通,SH601188,sh.601188
南微医学,SH688029,sh.688029
上海谊众,SH688091,sh.688091
国邦医药,SH605507,sh.605507
锦鸡股份,SZ300798,sz.300798
农发种业,SH600313,sh.600313
浙江医药,SH600216,sh.600216
中光防雷,SZ300414,sz.300414
圣元环保,SZ300867,sz.300867
新天绿能,SH600956,sh.600956
正和生态,SH605069,sh.605069
海欣B股,SH900917,sh.900917
际华集团,SH601718,sh.601718
亚盛集团,SH600108,sh.600108
安联锐视,SZ301042,sz.301042
第一创业,SZ002797,sz.002797
卓越新能,SH688196,sh.688196
鸿远电子,SH603267,sh.603267
龙利得,SZ300883,sz.300883
景峰医药,SZ000908,sz.000908
亚通股份,SH600692,sh.600692
漱玉平民,SZ301017,sz.301017
武汉控股,SH600168,sh.600168
湖南发展,SZ000722,sz.000722
永安林业,SZ000663,sz.000663
新金路,SZ000510,sz.000510
大众公用,SH600635,sh.600635
联美控股,SH600167,sh.600167
成飞集成,SZ002190,sz.002190
沪农商行,SH601825,sh.601825
南京证券,SH601990,sh.601990
原尚股份,SH603813,sh.603813
山西证券,SZ002500,sz.002500
迎丰股份,SH605055,sh.605055
东北制药,SZ000597,sz.000597
浪潮软件,SH600756,sh.600756
天壕环境,SZ300332,sz.300332
锦浪科技,SZ300763,sz.300763
天风证券,SH601162,sh.601162
华鑫股份,SH600621,sh.600621
荣泰健康,SH603579,sh.603579
浔兴股份,SZ002098,sz.002098
海峡环保,SH603817,sh.603817
海利得,SZ002206,sz.002206
超图软件,SZ300036,sz.300036
华人健康,SZ301408,sz.301408
克明食品,SZ002661,sz.002661
好莱客,SH603898,sh.603898
恒天海龙,SZ000677,sz.000677
日出东方,SH603366,sh.603366
国创高新,SZ002377,sz.002377
联泰环保,SH603797,sh.603797
华邦健康,SZ002004,sz.002004
安源煤业,SH600397,sh.600397
宏昌电子,SH603002,sh.603002
瑞晨环保,SZ301273,sz.301273
海源复材,SZ002529,sz.002529
亿通科技,SZ300211,sz.300211
宁沪高速,SH600377,sh.600377
盈康生命,SZ300143,sz.300143
常山药业,SZ300255,sz.300255
益盛药业,SZ002566,sz.002566
拉芳家化,SH603630,sh.603630
华兰股份,SZ301093,sz.301093
中南股份,SZ000717,sz.000717
新元科技,SZ300472,sz.300472
纳川股份,SZ300198,sz.300198
航亚科技,SH688510,sh.688510
杰创智能,SZ301248,sz.301248
中粮糖业,SH600737,sh.600737
航天彩虹,SZ002389,sz.002389
爱康科技,SZ002610,sz.002610
柯力传感,SH603662,sh.603662
苏博特,SH603916,sh.603916
韩建河山,SH603616,sh.603616
尤安设计,SZ300983,sz.300983
美丽生态,SZ000010,sz.000010
雪迪龙,SZ002658,sz.002658
迪威迅,SZ300167,sz.300167
电子城,SH600658,sh.600658
金春股份,SZ300877,sz.300877
豫园股份,SH600655,sh.600655
河化股份,SZ000953,sz.000953
京基智农,SZ000048,sz.000048
富春股份,SZ300299,sz.300299
同力日升,SH605286,sh.605286
美的集团,SZ000333,sz.000333
洪通燃气,SH605169,sh.605169
新坐标,SH603040,sh.603040
华西证券,SZ002926,sz.002926
中国人保,SH601319,sh.601319
澳弘电子,SH605058,sh.605058
丽尚国潮,SH600738,sh.600738
中辰股份,SZ300933,sz.300933
金道科技,SZ301279,sz.301279
通化金马,SZ000766,sz.000766
深华发B,SZ200020,sz.200020
清越科技,SH688496,sh.688496
豪迈科技,SZ002595,sz.002595
汇鸿集团,SH600981,sh.600981
神马股份,SH600810,sh.600810
长虹美菱,SZ000521,sz.000521
大龙地产,SH600159,sh.600159
大中矿业,SZ001203,sz.001203
德才股份,SH605287,sh.605287
牧原股份,SZ002714,sz.002714
大有能源,SH600403,sh.600403
埃夫特-U,SH688165,sh.688165
上工申贝,SH600843,sh.600843
粤高速A,SZ000429,sz.000429
百傲化学,SH603360,sh.603360
中再资环,SH600217,sh.600217
欢瑞世纪,SZ000892,sz.000892
雷科防务,SZ002413,sz.002413
中体产业,SH600158,sh.600158
平潭发展,SZ000592,sz.000592
矩子科技,SZ300802,sz.300802
仙鹤股份,SH603733,sh.603733
三联虹普,SZ300384,sz.300384
商络电子,SZ300975,sz.300975
海程邦达,SH603836,sh.603836
金埔园林,SZ301098,sz.301098
慧博云通,SZ301316,sz.301316
智飞生物,SZ300122,sz.300122
中来股份,SZ300393,sz.300393
江苏阳光,SH600220,sh.600220
风神股份,SH600469,sh.600469
共创草坪,SH605099,sh.605099
隆鑫通用,SH603766,sh.603766
海宁皮城,SZ002344,sz.002344
两面针,SH600249,sh.600249
合众思壮,SZ002383,sz.002383
英特集团,SZ000411,sz.000411
润阳科技,SZ300920,sz.300920
帅丰电器,SH605336,sh.605336
渤海轮渡,SH603167,sh.603167
源飞宠物,SZ001222,sz.001222
海控B股,SH900945,sh.900945
祖名股份,SZ003030,sz.003030
蓝丰生化,SZ002513,sz.002513
帝欧家居,SZ002798,sz.002798
中持股份,SH603903,sh.603903
三元生物,SZ301206,sz.301206
盛路通信,SZ002446,sz.002446
浙江美大,SZ002677,sz.002677
节能国祯,SZ300388,sz.300388
神力股份,SH603819,sh.603819
东方雨虹,SZ002271,sz.002271
万盛股份,SH603010,sh.603010
泸天化,SZ000912,sz.000912
裕同科技,SZ002831,sz.002831
亚厦股份,SZ002375,sz.002375
德美化工,SZ002054,sz.002054
上海医药,SH601607,sh.601607
光明地产,SH600708,sh.600708
欣贺股份,SZ003016,sz.003016
华研精机,SZ301138,sz.301138
福莱新材,SH605488,sh.605488
海伦钢琴,SZ300329,sz.300329
津滨发展,SZ000897,sz.000897
爱施德,SZ002416,sz.002416
中无人机,SH688297,sh.688297
兰卫医学,SZ301060,sz.301060
安迪苏,SH600299,sh.600299
铂力特,SH688333,sh.688333
老凤祥B,SH900905,sh.900905
锦龙股份,SZ000712,sz.000712
精达股份,SH600577,sh.600577
华纳药厂,SH688799,sh.688799
亚泰集团,SH600881,sh.600881
远大智能,SZ002689,sz.002689
歌力思,SH603808,sh.603808
药明康德,SH603259,sh.603259
花园生物,SZ300401,sz.300401
安道麦A,SZ000553,sz.000553
灿勤科技,SH688182,sh.688182
亚威股份,SZ002559,sz.002559
润丰股份,SZ301035,sz.301035
冠捷科技,SZ000727,sz.000727
东土科技,SZ300353,sz.300353
郑州银行,SZ002936,sz.002936
设计总院,SH603357,sh.603357
张家港行,SZ002839,sz.002839
安彩高科,SH600207,sh.600207
普洛药业,SZ000739,sz.000739
狮头股份,SH600539,sh.600539
贝因美,SZ002570,sz.002570
幸福蓝海,SZ300528,sz.300528
国茂股份,SH603915,sh.603915
大豪科技,SH603025,sh.603025
锋龙股份,SZ002931,sz.002931
天合光能,SH688599,sh.688599
电声股份,SZ300805,sz.300805
透景生命,SZ300642,sz.300642
西部证券,SZ002673,sz.002673
优彩资源,SZ002998,sz.002998
海科B,SH900938,sh.900938
华升股份,SH600156,sh.600156
翰宇药业,SZ300199,sz.300199
万和电气,SZ002543,sz.002543
胜利精密,SZ002426,sz.002426
世纪瑞尔,SZ300150,sz.300150
远大控股,SZ000626,sz.000626
圣泉集团,SH605589,sh.605589
赛科希德,SH688338,sh.688338
泰格医药,SZ300347,sz.300347
龙洲股份,SZ002682,sz.002682
威龙股份,SH603779,sh.603779
万邦达,SZ300055,sz.300055
海螺新材,SZ000619,sz.000619
华润三九,SZ000999,sz.000999
川恒股份,SZ002895,sz.002895
百洋股份,SZ002696,sz.002696
中国太保,SH601601,sh.601601
白云山,SH600332,sh.600332
兆威机电,SZ003021,sz.003021
新华医疗,SH600587,sh.600587
达实智能,SZ002421,sz.002421
海印股份,SZ000861,sz.000861
苏能股份,SH600925,sh.600925
锐明技术,SZ002970,sz.002970
三一重工,SH600031,sh.600031
巨力索具,SZ002342,sz.002342
海欣股份,SH600851,sh.600851
惠发食品,SH603536,sh.603536
华康股份,SH605077,sh.605077
舒华体育,SH605299,sh.605299
力鼎光电,SH605118,sh.605118
渤海租赁,SZ000415,sz.000415
弘业股份,SH600128,sh.600128
达华智能,SZ002512,sz.002512
冠农股份,SH600251,sh.600251
古井贡B,SZ200596,sz.200596
秦安股份,SH603758,sh.603758
奥园美谷,SZ000615,sz.000615
长江投资,SH600119,sh.600119
新天药业,SZ002873,sz.002873
浩物股份,SZ000757,sz.000757
友邦吊顶,SZ002718,sz.002718
山河智能,SZ002097,sz.002097
力源科技,SH688565,sh.688565
涪陵榨菜,SZ002507,sz.002507
方大B,SZ200055,sz.200055
中兴通讯,SZ000063,sz.000063
华发股份,SH600325,sh.600325
华自科技,SZ300490,sz.300490
蕾奥规划,SZ300989,sz.300989
中亦科技,SZ301208,sz.301208
江中药业,SH600750,sh.600750
通达股份,SZ002560,sz.002560
国新健康,SZ000503,sz.000503
安孚科技,SH603031,sh.603031
瀛通通讯,SZ002861,sz.002861
火炬电子,SH603678,sh.603678
高能环境,SH603588,sh.603588
高斯贝尔,SZ002848,sz.002848
歌华有线,SH600037,sh.600037
联翔股份,SH603272,sh.603272
南方航空,SH600029,sh.600029
锐奇股份,SZ300126,sz.300126
航天动力,SH600343,sh.600343
新华锦,SH600735,sh.600735
吉鑫科技,SH601218,sh.601218
洪兴股份,SZ001209,sz.001209
东方园林,SZ002310,sz.002310
长春高新,SZ000661,sz.000661
洪都航空,SH600316,sh.600316
天房发展,SH600322,sh.600322
华业香料,SZ300886,sz.300886
日久光电,SZ003015,sz.003015
瑜欣电子,SZ301107,sz.301107
昊海生科,SH688366,sh.688366
兖矿能源,SH600188,sh.600188
天顺风能,SZ002531,sz.002531
博世科,SZ300422,sz.300422
中国重工,SH601989,sh.601989
得润电子,SZ002055,sz.002055
深物业B,SZ200011,sz.200011
泰慕士,SZ001234,sz.001234
春光科技,SH603657,sh.603657
闽灿坤B,SZ200512,sz.200512
鲍斯股份,SZ300441,sz.300441
博云新材,SZ002297,sz.002297
津荣天宇,SZ300988,sz.300988
辽宁成大,SH600739,sh.600739
中贝通信,SH603220,sh.603220
华东重机,SZ002685,sz.002685
飞乐音响,SH600651,sh.600651
荃银高科,SZ300087,sz.300087
苏垦农发,SH601952,sh.601952
红宝丽,SZ002165,sz.002165
中科江南,SZ301153,sz.301153
顺灏股份,SZ002565,sz.002565
深粮控股,SZ000019,sz.000019
洪涛股份,SZ002325,sz.002325
天邦食品,SZ002124,sz.002124
明月镜片,SZ301101,sz.301101
信立泰,SZ002294,sz.002294
华设集团,SH603018,sh.603018
四方精创,SZ300468,sz.300468
华锦股份,SZ000059,sz.000059
华资实业,SH600191,sh.600191
利君股份,SZ002651,sz.002651
珠江啤酒,SZ002461,sz.002461
伊泰B股,SH900948,sh.900948
清新环境,SZ002573,sz.002573
胜通能源,SZ001331,sz.001331
申华控股,SH600653,sh.600653
国金证券,SH600109,sh.600109
深桑达A,SZ000032,sz.000032
利群股份,SH601366,sh.601366
创世纪,SZ300083,sz.300083
贝肯能源,SZ002828,sz.002828
新晨科技,SZ300542,sz.300542
国机通用,SH600444,sh.600444
青岛金王,SZ002094,sz.002094
深天马A,SZ000050,sz.000050
博腾股份,SZ300363,sz.300363
珠江股份,SH600684,sh.600684
羚锐制药,SH600285,sh.600285
贵州茅台,SH600519,sh.600519
华新水泥,SH600801,sh.600801
捷顺科技,SZ002609,sz.002609
上能电气,SZ300827,sz.300827
神开股份,SZ002278,sz.002278
必创科技,SZ300667,sz.300667
宏达股份,SH600331,sh.600331
铭普光磁,SZ002902,sz.002902
燕塘乳业,SZ002732,sz.002732
美邦服饰,SZ002269,sz.002269
三丰智能,SZ300276,sz.300276
中交地产,SZ000736,sz.000736
光莆股份,SZ300632,sz.300632
开开B股,SH900943,sh.900943
长园集团,SH600525,sh.600525
东南电子,SZ301359,sz.301359
精进电动-UW,SH688280,sh.688280
南都物业,SH603506,sh.603506
鸿合科技,SZ002955,sz.002955
景兴纸业,SZ002067,sz.002067
华熙生物,SH688363,sh.688363
苏泊尔,SZ002032,sz.002032
嘉寓股份,SZ300117,sz.300117
上海钢联,SZ300226,sz.300226
威星智能,SZ002849,sz.002849
瑞玛精密,SZ002976,sz.002976
爱仕达,SZ002403,sz.002403
北京君正,SZ300223,sz.300223
甘咨询,SZ000779,sz.000779
晓鸣股份,SZ300967,sz.300967
启明星辰,SZ002439,sz.002439
春兴精工,SZ002547,sz.002547
蒙草生态,SZ300355,sz.300355
家联科技,SZ301193,sz.301193
永鼎股份,SH600105,sh.600105
罗莱生活,SZ002293,sz.002293
旷达科技,SZ002516,sz.002516
天茂集团,SZ000627,sz.000627
东宝生物,SZ300239,sz.300239
云赛智联,SH600602,sh.600602
二三四五,SZ002195,sz.002195
黑牡丹,SH600510,sh.600510
厦门信达,SZ000701,sz.000701
大连热电,SH600719,sh.600719
信达地产,SH600657,sh.600657
华夏航空,SZ002928,sz.002928
富邦股份,SZ300387,sz.300387
启迪环境,SZ000826,sz.000826
晨光新材,SH605399,sh.605399
金牛化工,SH600722,sh.600722
健帆生物,SZ300529,sz.300529
兴业股份,SH603928,sh.603928
国际实业,SZ000159,sz.000159
长城科技,SH603897,sh.603897
嘉欣丝绸,SZ002404,sz.002404
多伦科技,SH603528,sh.603528
曲美家居,SH603818,sh.603818
合兴包装,SZ002228,sz.002228
海联讯,SZ300277,sz.300277
新乡化纤,SZ000949,sz.000949
华神科技,SZ000790,sz.000790
绿康生化,SZ002868,sz.002868
立方数科,SZ300344,sz.300344
岩石股份,SH600696,sh.600696
航发控制,SZ000738,sz.000738
鼎信通讯,SH603421,sh.603421
中环装备,SZ300140,sz.300140
大名城,SH600094,sh.600094
中联重科,SZ000157,sz.000157
德力股份,SZ002571,sz.002571
清研环境,SZ301288,sz.301288
久其软件,SZ002279,sz.002279
山东钢铁,SH600022,sh.600022
嘉必优,SH688089,sh.688089
欣龙控股,SZ000955,sz.000955
罗牛山,SZ000735,sz.000735
优宁维,SZ301166,sz.301166
苏宁环球,SZ000718,sz.000718
航天电子,SH600879,sh.600879
华统股份,SZ002840,sz.002840
英科医疗,SZ300677,sz.300677
高伟达,SZ300465,sz.300465
巨轮智能,SZ002031,sz.002031
金溢科技,SZ002869,sz.002869
中航高科,SH600862,sh.600862
伊利股份,SH600887,sh.600887
山东药玻,SH600529,sh.600529
鲁阳节能,SZ002088,sz.002088
海达股份,SZ300320,sz.300320
实丰文化,SZ002862,sz.002862
晨曦航空,SZ300581,sz.300581
三雄极光,SZ300625,sz.300625
冰山冷热,SZ000530,sz.000530
山东墨龙,SZ002490,sz.002490
万祥科技,SZ301180,sz.301180
联诚精密,SZ002921,sz.002921
集友股份,SH603429,sh.603429
中毅达,SH600610,sh.600610
长盈精密,SZ300115,sz.300115
中旗新材,SZ001212,sz.001212
保利发展,SH600048,sh.600048
基蛋生物,SH603387,sh.603387
远方信息,SZ300306,sz.300306
海信视像,SH600060,sh.600060
华菱精工,SH603356,sh.603356
轻纺城,SH600790,sh.600790
绿田机械,SH605259,sh.605259
绿地控股,SH600606,sh.600606
杭叉集团,SH603298,sh.603298
长荣股份,SZ300195,sz.300195
同仁堂,SH600085,sh.600085
华翔股份,SH603112,sh.603112
奥马电器,SZ002668,sz.002668
光洋股份,SZ002708,sz.002708
亿帆医药,SZ002019,sz.002019
华纺股份,SH600448,sh.600448
益佰制药,SH600594,sh.600594
森远股份,SZ300210,sz.300210
先河环保,SZ300137,sz.300137
麒盛科技,SH603610,sh.603610
上海瀚讯,SZ300762,sz.300762
劲嘉股份,SZ002191,sz.002191
陆家嘴,SH600663,sh.600663
甘李药业,SH603087,sh.603087
可靠股份,SZ301009,sz.301009
威海广泰,SZ002111,sz.002111
孩子王,SZ301078,sz.301078
悦达投资,SH600805,sh.600805
深物业A,SZ000011,sz.000011
振华科技,SZ000733,sz.000733
银都股份,SH603277,sh.603277
广联达,SZ002410,sz.002410
华致酒行,SZ300755,sz.300755
中达安,SZ300635,sz.300635
绿的谐波,SH688017,sh.688017
中化岩土,SZ002542,sz.002542
辰安科技,SZ300523,sz.300523
深深房B,SZ200029,sz.200029
盛航股份,SZ001205,sz.001205
索菲亚,SZ002572,sz.002572
太极实业,SH600667,sh.600667
回盛生物,SZ300871,sz.300871
二六三,SZ002467,sz.002467
四川金顶,SH600678,sh.600678
荣安地产,SZ000517,sz.000517
智云股份,SZ300097,sz.300097
掌阅科技,SH603533,sh.603533
重庆港,SH600279,sh.600279
卓郎智能,SH600545,sh.600545
宝兰德,SH688058,sh.688058
金能科技,SH603113,sh.603113
海辰药业,SZ300584,sz.300584
福星股份,SZ000926,sz.000926
棕榈股份,SZ002431,sz.002431
阳光股份,SZ000608,sz.000608
澳柯玛,SH600336,sh.600336
宇新股份,SZ002986,sz.002986
大东南,SZ002263,sz.002263
佳缘科技,SZ301117,sz.301117
武汉凡谷,SZ002194,sz.002194
大名城B,SH900940,sh.900940
祁连山,SH600720,sh.600720
信雅达,SH600571,sh.600571
青云科技-U,SH688316,sh.688316
沪电股份,SZ002463,sz.002463
奥联电子,SZ300585,sz.300585
利安隆,SZ300596,sz.300596
海汽集团,SH603069,sh.603069
威创股份,SZ002308,sz.002308
泰和新材,SZ002254,sz.002254
中金环境,SZ300145,sz.300145
宝立食品,SH603170,sh.603170
密封科技,SZ301020,sz.301020
有方科技,SH688159,sh.688159
锦江B股,SH900934,sh.900934
通达创智,SZ001368,sz.001368
凯普生物,SZ300639,sz.300639
承德露露,SZ000848,sz.000848
禾望电气,SH603063,sh.603063
通达电气,SH603390,sh.603390
欧派家居,SH603833,sh.603833
科力尔,SZ002892,sz.002892
深水规院,SZ301038,sz.301038
格林精密,SZ300968,sz.300968
瑞和股份,SZ002620,sz.002620
恒生电子,SH600570,sh.600570
动力源,SH600405,sh.600405
清水源,SZ300437,sz.300437
千金药业,SH600479,sh.600479
中鲁B,SZ200992,sz.200992
风范股份,SH601700,sh.601700
蓝焰控股,SZ000968,sz.000968
沃华医药,SZ002107,sz.002107
汉缆股份,SZ002498,sz.002498
中国巨石,SH600176,sh.600176
中恒集团,SH600252,sh.600252
海油工程,SH600583,sh.600583
梦洁股份,SZ002397,sz.002397
永和智控,SZ002795,sz.002795
寿仙谷,SH603896,sh.603896
经纬纺机,SZ000666,sz.000666
城投控股,SH600649,sh.600649
延江股份,SZ300658,sz.300658
航天工程,SH603698,sh.603698
启迪设计,SZ300500,sz.300500
三维通信,SZ002115,sz.002115
华测检测,SZ300012,sz.300012
振芯科技,SZ300101,sz.300101
海联金汇,SZ002537,sz.002537
鲁信创投,SH600783,sh.600783
莲花健康,SH600186,sh.600186
国芳集团,SH601086,sh.601086
康盛股份,SZ002418,sz.002418
凌云B股,SH900957,sh.900957
凯旺科技,SZ301182,sz.301182
安达维尔,SZ300719,sz.300719
中科微至,SH688211,sh.688211
星帅尔,SZ002860,sz.002860
聆达股份,SZ300125,sz.300125
慕思股份,SZ001323,sz.001323
南山智尚,SZ300918,sz.300918
新里程,SZ002219,sz.002219
莱美药业,SZ300006,sz.300006
瑞康医药,SZ002589,sz.002589
莱茵生物,SZ002166,sz.002166
山河药辅,SZ300452,sz.300452
恒丰纸业,SH600356,sh.600356
菲达环保,SH600526,sh.600526
冀东水泥,SZ000401,sz.000401
优德精密,SZ300549,sz.300549
飞荣达,SZ300602,sz.300602
卧龙地产,SH600173,sh.600173
加加食品,SZ002650,sz.002650
海天味业,SH603288,sh.603288
华泰股份,SH600308,sh.600308
晶华新材,SH603683,sh.603683
捷昌驱动,SH603583,sh.603583
能科科技,SH603859,sh.603859
中南文化,SZ002445,sz.002445
洛凯股份,SH603829,sh.603829
西麦食品,SZ002956,sz.002956
保税科技,SH600794,sh.600794
凯因科技,SH688687,sh.688687
中源家居,SH603709,sh.603709
宏辉果蔬,SH603336,sh.603336
陆家B股,SH900932,sh.900932
华侨城A,SZ000069,sz.000069
宋都股份,SH600077,sh.600077
建发股份,SH600153,sh.600153
复旦复华,SH600624,sh.600624
外高桥,SH600648,sh.600648
阳光乳业,SZ001318,sz.001318
桐昆股份,SH601233,sh.601233
仁智股份,SZ002629,sz.002629
深圳华强,SZ000062,sz.000062
国中水务,SH600187,sh.600187
富森美,SZ002818,sz.002818
佳隆股份,SZ002495,sz.002495
银座股份,SH600858,sh.600858
万集科技,SZ300552,sz.300552
皇庭B,SZ200056,sz.200056
安道麦B,SZ200553,sz.200553
天迈科技,SZ300807,sz.300807
华鼎股份,SH601113,sh.601113
文科园林,SZ002775,sz.002775
皇氏集团,SZ002329,sz.002329
百达精工,SH603331,sh.603331
中国天楹,SZ000035,sz.000035
久量股份,SZ300808,sz.300808
汤臣倍健,SZ300146,sz.300146
红日药业,SZ300026,sz.300026
中元股份,SZ300018,sz.300018
圆通速递,SH600233,sh.600233
冠龙节能,SZ301151,sz.301151
中超控股,SZ002471,sz.002471
盛德鑫泰,SZ300881,sz.300881
华夏幸福,SH600340,sh.600340
智慧农业,SZ000816,sz.000816
粤桂股份,SZ000833,sz.000833
华海药业,SH600521,sh.600521
全通教育,SZ300359,sz.300359
清源股份,SH603628,sh.603628
毕得医药,SH688073,sh.688073
中粮科技,SZ000930,sz.000930
天润乳业,SH600419,sh.600419
晋控煤业,SH601001,sh.601001
瑞德智能,SZ301135,sz.301135
金鸿顺,SH603922,sh.603922
格力地产,SH600185,sh.600185
华伍股份,SZ300095,sz.300095
山鹰国际,SH600567,sh.600567
南凌科技,SZ300921,sz.300921
南岭民爆,SZ002096,sz.002096
杭州高新,SZ300478,sz.300478
海南橡胶,SH601118,sh.601118
齐峰新材,SZ002521,sz.002521
航天晨光,SH600501,sh.600501
鹏翎股份,SZ300375,sz.300375
广电电气,SH601616,sh.601616
福瑞股份,SZ300049,sz.300049
新宝股份,SZ002705,sz.002705
中国银行,SH601988,sh.601988
奇精机械,SH603677,sh.603677
均胜电子,SH600699,sh.600699
乔治白,SZ002687,sz.002687
江苏有线,SH600959,sh.600959
国美通讯,SH600898,sh.600898
依米康,SZ300249,sz.300249
岳阳兴长,SZ000819,sz.000819
金逸影视,SZ002905,sz.002905
中科创达,SZ300496,sz.300496
三一重能,SH688349,sh.688349
纳芯微,SH688052,sh.688052
杭汽轮B,SZ200771,sz.200771
九强生物,SZ300406,sz.300406
东华能源,SZ002221,sz.002221
富春染织,SH605189,sh.605189
佛慈制药,SZ002644,sz.002644
上工B股,SH900924,sh.900924
三祥新材,SH603663,sh.603663
中国中期,SZ000996,sz.000996
广哈通信,SZ300711,sz.300711
华帝股份,SZ002035,sz.002035
兴源环境,SZ300266,sz.300266
诚邦股份,SH603316,sh.603316
龙津药业,SZ002750,sz.002750
安正时尚,SH603839,sh.603839
百亚股份,SZ003006,sz.003006
国际医学,SZ000516,sz.000516
顶点软件,SH603383,sh.603383
国检集团,SH603060,sh.603060
新瀚新材,SZ301076,sz.301076
辉丰股份,SZ002496,sz.002496
海昌新材,SZ300885,sz.300885
合锻智能,SH603011,sh.603011
森林包装,SH605500,sh.605500
阳光照明,SH600261,sh.600261
润欣科技,SZ300493,sz.300493
洋河股份,SZ002304,sz.002304
金麒麟,SH603586,sh.603586
索菱股份,SZ002766,sz.002766
万隆光电,SZ300710,sz.300710
普利制药,SZ300630,sz.300630
超捷股份,SZ301005,sz.301005
雅本化学,SZ300261,sz.300261
佳力图,SH603912,sh.603912
嘉友国际,SH603871,sh.603871
上海家化,SH600315,sh.600315
迈得医疗,SH688310,sh.688310
新希望,SZ000876,sz.000876
金徽酒,SH603919,sh.603919
海越能源,SH600387,sh.600387
阳煤化工,SH600691,sh.600691
招标股份,SZ301136,sz.301136
地素时尚,SH603587,sh.603587
粤电力B,SZ200539,sz.200539
滨江集团,SZ002244,sz.002244
盈建科,SZ300935,sz.300935
航天信息,SH600271,sh.600271
广宇集团,SZ002133,sz.002133
东鹏控股,SZ003012,sz.003012
潞安环能,SH601699,sh.601699
世茂股份,SH600823,sh.600823
春雪食品,SH605567,sh.605567
宁波中百,SH600857,sh.600857
中国海防,SH600764,sh.600764
鲁泰A,SZ000726,sz.000726
新力金融,SH600318,sh.600318
捷荣技术,SZ002855,sz.002855
何氏眼科,SZ301103,sz.301103
亿联网络,SZ300628,sz.300628
海目星,SH688559,sh.688559
仙坛股份,SZ002746,sz.002746
仁东控股,SZ002647,sz.002647
三星医疗,SH601567,sh.601567
泰达股份,SZ000652,sz.000652
佰仁医疗,SH688198,sh.688198
科顺股份,SZ300737,sz.300737
鸿泉物联,SH688288,sh.688288
本川智能,SZ300964,sz.300964
北斗星通,SZ002151,sz.002151
海南发展,SZ002163,sz.002163
鸿日达,SZ301285,sz.301285
佛山照明,SZ000541,sz.000541
万里石,SZ002785,sz.002785
如意集团,SZ002193,sz.002193
摩恩电气,SZ002451,sz.002451
石化机械,SZ000852,sz.000852
熊猫乳品,SZ300898,sz.300898
涪陵电力,SH600452,sh.600452
蓝盾光电,SZ300862,sz.300862
中船汉光,SZ300847,sz.300847
中关村,SZ000931,sz.000931
映翰通,SH688080,sh.688080
周大生,SZ002867,sz.002867
金丹科技,SZ300829,sz.300829
泰坦科技,SH688133,sh.688133
味知香,SH605089,sh.605089
天瑞仪器,SZ300165,sz.300165
太阳纸业,SZ002078,sz.002078
震安科技,SZ300767,sz.300767
健麾信息,SH605186,sh.605186
上海临港,SH600848,sh.600848
航天长峰,SH600855,sh.600855
中水渔业,SZ000798,sz.000798
嘉麟杰,SZ002486,sz.002486
海大集团,SZ002311,sz.002311
盈峰环境,SZ000967,sz.000967
第一医药,SH600833,sh.600833
红蜻蜓,SH603116,sh.603116
外服控股,SH600662,sh.600662
大北农,SZ002385,sz.002385
天创时尚,SH603608,sh.603608
华孚时尚,SZ002042,sz.002042
视源股份,SZ002841,sz.002841
金财互联,SZ002530,sz.002530
温氏股份,SZ300498,sz.300498
品渥食品,SZ300892,sz.300892
嘉亨家化,SZ300955,sz.300955
科陆电子,SZ002121,sz.002121
拓日新能,SZ002218,sz.002218
农产品,SZ000061,sz.000061
美晨生态,SZ300237,sz.300237
桂林三金,SZ002275,sz.002275
恒久科技,SZ002808,sz.002808
百润股份,SZ002568,sz.002568
宝塔实业,SZ000595,sz.000595
志特新材,SZ300986,sz.300986
大亚圣象,SZ000910,sz.000910
大众交通,SH600611,sh.600611
兴民智通,SZ002355,sz.002355
深振业A,SZ000006,sz.000006
圣农发展,SZ002299,sz.002299
肇民科技,SZ301000,sz.301000
新宁物流,SZ300013,sz.300013
传音控股,SH688036,sh.688036
锦泓集团,SH603518,sh.603518
博汇纸业,SH600966,sh.600966
盐津铺子,SZ002847,sz.002847
硕贝德,SZ300322,sz.300322
顺威股份,SZ002676,sz.002676
绿茵生态,SZ002887,sz.002887
艾艾精工,SH603580,sh.603580
首创环保,SH600008,sh.600008
欧普照明,SH603515,sh.603515
茶花股份,SH603615,sh.603615
中牧股份,SH600195,sh.600195
九州通,SH600998,sh.600998
李子园,SH605337,sh.605337
奇安信-U,SH688561,sh.688561
新华保险,SH601336,sh.601336
广电网络,SH600831,sh.600831
东方时尚,SH603377,sh.603377
博实股份,SZ002698,sz.002698
中国动力,SH600482,sh.600482
爱克股份,SZ300889,sz.300889
恒逸石化,SZ000703,sz.000703
高新兴,SZ300098,sz.300098
永安期货,SH600927,sh.600927
通用股份,SH601500,sh.601500
凯龙股份,SZ002783,sz.002783
洽洽食品,SZ002557,sz.002557
陕西煤业,SH601225,sh.601225
华鹏飞,SZ300350,sz.300350
首开股份,SH600376,sh.600376
龙宇股份,SH603003,sh.603003
爱美客,SZ300896,sz.300896
长虹华意,SZ000404,sz.000404
浙江东日,SH600113,sh.600113
鼎龙文化,SZ002502,sz.002502
凯恩股份,SZ002012,sz.002012
三元股份,SH600429,sh.600429
华塑控股,SZ000509,sz.000509
迪马股份,SH600565,sh.600565
上海九百,SH600838,sh.600838
中公教育,SZ002607,sz.002607
金发拉比,SZ002762,sz.002762
三特索道,SZ002159,sz.002159
云天励飞-U,SH688343,sh.688343
东鹏饮料,SH605499,sh.605499
柳药集团,SH603368,sh.603368
群兴玩具,SZ002575,sz.002575
鲁泰B,SZ200726,sz.200726
光明乳业,SH600597,sh.600597
通行宝,SZ301339,sz.301339
国城矿业,SZ000688,sz.000688
名雕股份,SZ002830,sz.002830
梅安森,SZ300275,sz.300275
建研设计,SZ301167,sz.301167
理工能科,SZ002322,sz.002322
动力新科,SH600841,sh.600841
中华企业,SH600675,sh.600675
美瑞新材,SZ300848,sz.300848
神农科技,SZ300189,sz.300189
大商股份,SH600694,sh.600694
天禄科技,SZ301045,sz.301045
本钢板B,SZ200761,sz.200761
昂立教育,SH600661,sh.600661
龙韵股份,SH603729,sh.603729
中国中免,SH601888,sh.601888
天能重工,SZ300569,sz.300569
数据港,SH603881,sh.603881
东旭光电,SZ000413,sz.000413
荣科科技,SZ300290,sz.300290
天益医疗,SZ301097,sz.301097
万达电影,SZ002739,sz.002739
浪莎股份,SH600137,sh.600137
西藏旅游,SH600749,sh.600749
新炬网络,SH605398,sh.605398
森麒麟,SZ002984,sz.002984
冀凯股份,SZ002691,sz.002691
贝斯美,SZ300796,sz.300796
福建水泥,SH600802,sh.600802
成都路桥,SZ002628,sz.002628
恒辉安防,SZ300952,sz.300952
瑞尔特,SZ002790,sz.002790
三力士,SZ002224,sz.002224
宝鹰股份,SZ002047,sz.002047
隆平高科,SZ000998,sz.000998
黄山B股,SH900942,sh.900942
南卫股份,SH603880,sh.603880
中锐股份,SZ002374,sz.002374
三只松鼠,SZ300783,sz.300783
仕佳光子,SH688313,sh.688313
三诺生物,SZ300298,sz.300298
澳洋健康,SZ002172,sz.002172
沈阳化工,SZ000698,sz.000698
朗源股份,SZ300175,sz.300175
播恩集团,SZ001366,sz.001366
高凌信息,SH688175,sh.688175
康泰医学,SZ300869,sz.300869
大金重工,SZ002487,sz.002487
大立科技,SZ002214,sz.002214
中天科技,SH600522,sh.600522
津膜科技,SZ300334,sz.300334
中兵红箭,SZ000519,sz.000519
米奥会展,SZ300795,sz.300795
碧水源,SZ300070,sz.300070
大元泵业,SH603757,sh.603757
欧菲光,SZ002456,sz.002456
电科院,SZ300215,sz.300215
鲁商发展,SH600223,sh.600223
中国国航,SH601111,sh.601111
五洲特纸,SH605007,sh.605007
蜀道装备,SZ300540,sz.300540
常山北明,SZ000158,sz.000158
文投控股,SH600715,sh.600715
旋极信息,SZ300324,sz.300324
海南海药,SZ000566,sz.000566
益民集团,SH600824,sh.600824
日上集团,SZ002593,sz.002593
金通灵,SZ300091,sz.300091
金新农,SZ002548,sz.002548
华宇软件,SZ300271,sz.300271
神宇股份,SZ300563,sz.300563
金达威,SZ002626,sz.002626
京东方A,SZ000725,sz.000725
艾德生物,SZ300685,sz.300685
通灵股份,SZ301168,sz.301168
万讯自控,SZ300112,sz.300112
横店影视,SH603103,sh.603103
新赛股份,SH600540,sh.600540
爱慕股份,SH603511,sh.603511
美盈森,SZ002303,sz.002303
昊志机电,SZ300503,sz.300503
天佑德酒,SZ002646,sz.002646
庄园牧场,SZ002910,sz.002910
大湖股份,SH600257,sh.600257
华联股份,SZ000882,sz.000882
森马服饰,SZ002563,sz.002563
南极电商,SZ002127,sz.002127
华媒控股,SZ000607,sz.000607
通润装备,SZ002150,sz.002150
海王生物,SZ000078,sz.000078
南山控股,SZ002314,sz.002314
香溢融通,SH600830,sh.600830
盛讯达,SZ300518,sz.300518
德展健康,SZ000813,sz.000813
丹科B股,SH900921,sh.900921
悦心健康,SZ002162,sz.002162
三星新材,SH603578,sh.603578
德固特,SZ300950,sz.300950
四川长虹,SH600839,sh.600839
环球印务,SZ002799,sz.002799
皓宸医疗,SZ002622,sz.002622
百联B股,SH900923,sh.900923
中船应急,SZ300527,sz.300527
共同药业,SZ300966,sz.300966
科大智能,SZ300222,sz.300222
德昌股份,SH605555,sh.605555
昆船智能,SZ301311,sz.301311
立华股份,SZ300761,sz.300761
古越龙山,SH600059,sh.600059
晶品特装,SH688084,sh.688084
聚力文化,SZ002247,sz.002247
邵阳液压,SZ301079,sz.301079
扬农化工,SH600486,sh.600486
东百集团,SH600693,sh.600693
通策医疗,SH600763,sh.600763
广深铁路,SH601333,sh.601333
奥尼电子,SZ301189,sz.301189
科创新源,SZ300731,sz.300731
中国船舶,SH600150,sh.600150
富瑞特装,SZ300228,sz.300228
雷赛智能,SZ002979,sz.002979
赛意信息,SZ300687,sz.300687
运达股份,SZ300772,sz.300772
泰林生物,SZ300813,sz.300813
文峰股份,SH601010,sh.601010
福田汽车,SH600166,sh.600166
诺唯赞,SH688105,sh.688105
均瑶健康,SH605388,sh.605388
开润股份,SZ300577,sz.300577
南风股份,SZ300004,sz.300004
柳化股份,SH600423,sh.600423
荣盛石化,SZ002493,sz.002493
安恒信息,SH688023,sh.688023
三利谱,SZ002876,sz.002876
阳光城,SZ000671,sz.000671
银信科技,SZ300231,sz.300231
南国置业,SZ002305,sz.002305
浙江东方,SH600120,sh.600120
昭衍新药,SH603127,sh.603127
品高股份,SH688227,sh.688227
安记食品,SH603696,sh.603696
立高食品,SZ300973,sz.300973
海容冷链,SH603187,sh.603187
青岛啤酒,SH600600,sh.600600
菲菱科思,SZ301191,sz.301191
江苏雷利,SZ300660,sz.300660
雪人股份,SZ002639,sz.002639
思源电气,SZ002028,sz.002028
鸥玛软件,SZ301185,sz.301185
国光电气,SH688776,sh.688776
晶澳科技,SZ002459,sz.002459
荣晟环保,SH603165,sh.603165
海新能科,SZ300072,sz.300072
格尔软件,SH603232,sh.603232
和顺石油,SH603353,sh.603353
皮阿诺,SZ002853,sz.002853
振华重工,SH600320,sh.600320
东晶电子,SZ002199,sz.002199
舍得酒业,SH600702,sh.600702
美凯龙,SH601828,sh.601828
金运激光,SZ300220,sz.300220
誉衡药业,SZ002437,sz.002437
西王食品,SZ000639,sz.000639
亿田智能,SZ300911,sz.300911
农尚环境,SZ300536,sz.300536
航宇科技,SH688239,sh.688239
顺网科技,SZ300113,sz.300113
菜百股份,SH605599,sh.605599
东方智造,SZ002175,sz.002175
霍普股份,SZ301024,sz.301024
南宁百货,SH600712,sh.600712
巨化股份,SH600160,sh.600160
天味食品,SH603317,sh.603317
柯利达,SH603828,sh.603828
五粮液,SZ000858,sz.000858
真爱美家,SZ003041,sz.003041
飞龙股份,SZ002536,sz.002536
珠江钢琴,SZ002678,sz.002678
山西路桥,SZ000755,sz.000755
数码视讯,SZ300079,sz.300079
华大智造,SH688114,sh.688114
天保基建,SZ000965,sz.000965
华铁股份,SZ000976,sz.000976
证通电子,SZ002197,sz.002197
智度股份,SZ000676,sz.000676
诚志股份,SZ000990,sz.000990
晨光生物,SZ300138,sz.300138
白云电器,SH603861,sh.603861
红旗连锁,SZ002697,sz.002697
航锦科技,SZ000818,sz.000818
妙可蓝多,SH600882,sh.600882
爱丽家居,SH603221,sh.603221
奕东电子,SZ301123,sz.301123
乐心医疗,SZ300562,sz.300562
西宁特钢,SH600117,sh.600117
保龄宝,SZ002286,sz.002286
上实发展,SH600748,sh.600748
实益达,SZ002137,sz.002137
汉邦高科,SZ300449,sz.300449
凯撒文化,SZ002425,sz.002425
真兰仪表,SZ301303,sz.301303
海通发展,SH603162,sh.603162
郑中设计,SZ002811,sz.002811
中青宝,SZ300052,sz.300052
旗天科技,SZ300061,sz.300061
润泽科技,SZ300442,sz.300442
奥特维,SH688516,sh.688516
联合水务,SH603291,sh.603291
北信源,SZ300352,sz.300352
世联行,SZ002285,sz.002285
英派斯,SZ002899,sz.002899
永顺泰,SZ001338,sz.001338
山西汾酒,SH600809,sh.600809
厚普股份,SZ300471,sz.300471
盛和资源,SH600392,sh.600392
安硕信息,SZ300380,sz.300380
亿道信息,SZ001314,sz.001314
潮宏基,SZ002345,sz.002345
协创数据,SZ300857,sz.300857
深赛格,SZ000058,sz.000058
新诺威,SZ300765,sz.300765
昆药集团,SH600422,sh.600422
东软载波,SZ300183,sz.300183
五方光电,SZ002962,sz.002962
天康生物,SZ002100,sz.002100
唐德影视,SZ300426,sz.300426
长源东谷,SH603950,sh.603950
陕西金叶,SZ000812,sz.000812
神州数码,SZ000034,sz.000034
炬华科技,SZ300360,sz.300360
中衡设计,SH603017,sh.603017
亿利洁能,SH600277,sh.600277
三友化工,SH600409,sh.600409
小崧股份,SZ002723,sz.002723
爱玛科技,SH603529,sh.603529
皖通科技,SZ002331,sz.002331
格灵深瞳-U,SH688207,sh.688207
海欣食品,SZ002702,sz.002702
稳健医疗,SZ300888,sz.300888
弘宇股份,SZ002890,sz.002890
双塔食品,SZ002481,sz.002481
新城控股,SH601155,sh.601155
东方明珠,SH600637,sh.600637
京东方B,SZ200725,sz.200725
巨人网络,SZ002558,sz.002558
康华生物,SZ300841,sz.300841
华峰超纤,SZ300180,sz.300180
至正股份,SH603991,sh.603991
润禾材料,SZ300727,sz.300727
鱼跃医疗,SZ002223,sz.002223
锋尚文化,SZ300860,sz.300860
友阿股份,SZ002277,sz.002277
海康威视,SZ002415,sz.002415
华绿生物,SZ300970,sz.300970
大参林,SH603233,sh.603233
华闻集团,SZ000793,sz.000793
春秋航空,SH601021,sh.601021
新宏泽,SZ002836,sz.002836
内蒙一机,SH600967,sh.600967
美克家居,SH600337,sh.600337
国光连锁,SH605188,sh.605188
海澜之家,SH600398,sh.600398
利仁科技,SZ001259,sz.001259
百大集团,SH600865,sh.600865
今天国际,SZ300532,sz.300532
招商蛇口,SZ001979,sz.001979
科美诊断,SH688468,sh.688468
荣联科技,SZ002642,sz.002642
翠微股份,SH603123,sh.603123
浦东金桥,SH600639,sh.600639
天地数码,SZ300743,sz.300743
中路B股,SH900915,sh.900915
中百集团,SZ000759,sz.000759
亚星锚链,SH601890,sh.601890
张裕B,SZ200869,sz.200869
新世界,SH600628,sh.600628
安奈儿,SZ002875,sz.002875
华脉科技,SH603042,sh.603042
海南高速,SZ000886,sz.000886
捷成股份,SZ300182,sz.300182
国统股份,SZ002205,sz.002205
康普顿,SH603798,sh.603798
晶丰明源,SH688368,sh.688368
凯文教育,SZ002659,sz.002659
通化东宝,SH600867,sh.600867
永辉超市,SH601933,sh.601933
奥拓电子,SZ002587,sz.002587
永清环保,SZ300187,sz.300187
鼎通科技,SH688668,sh.688668
茂化实华,SZ000637,sz.000637
我武生物,SZ300357,sz.300357
石头科技,SH688169,sh.688169
中谷物流,SH603565,sh.603565
恒立液压,SH601100,sh.601100
科蓝软件,SZ300663,sz.300663
卓然股份,SH688121,sh.688121
华西能源,SZ002630,sz.002630
金枫酒业,SH600616,sh.600616
思特奇,SZ300608,sz.300608
视觉中国,SZ000681,sz.000681
中南建设,SZ000961,sz.000961
安通控股,SH600179,sh.600179
三峡水利,SH600116,sh.600116
TCL中环,SZ002129,sz.002129
凌云光,SH688400,sh.688400
康斯特,SZ300445,sz.300445
长江通信,SH600345,sh.600345
申科股份,SZ002633,sz.002633
特发服务,SZ300917,sz.300917
香江控股,SH600162,sh.600162
华森制药,SZ002907,sz.002907
金利华电,SZ300069,sz.300069
三旺通信,SH688618,sh.688618
软控股份,SZ002073,sz.002073
九阳股份,SZ002242,sz.002242
良品铺子,SH603719,sh.603719
海融科技,SZ300915,sz.300915
东方精工,SZ002611,sz.002611
元祖股份,SH603886,sh.603886
虹软科技,SH688088,sh.688088
任子行,SZ300311,sz.300311
华旺科技,SH605377,sh.605377
海兰信,SZ300065,sz.300065
泰恩康,SZ301263,sz.301263
航天科技,SZ000901,sz.000901
北鼎股份,SZ300824,sz.300824
东诚药业,SZ002675,sz.002675
华创阳安,SH600155,sh.600155
康辰药业,SH603590,sh.603590
报喜鸟,SZ002154,sz.002154
科达利,SZ002850,sz.002850
金陵体育,SZ300651,sz.300651
上海机场,SH600009,sh.600009
广百股份,SZ002187,sz.002187
司太立,SH603520,sh.603520
怡亚通,SZ002183,sz.002183
扬子新材,SZ002652,sz.002652
华恒生物,SH688639,sh.688639
云赛B股,SH900901,sh.900901
鼎捷软件,SZ300378,sz.300378
亚振家居,SH603389,sh.603389
新动力,SZ300152,sz.300152
声迅股份,SZ003004,sz.003004
八方股份,SH603489,sh.603489
申通快递,SZ002468,sz.002468
恒宝股份,SZ002104,sz.002104
学大教育,SZ000526,sz.000526
普邦股份,SZ002663,sz.002663
新强联,SZ300850,sz.300850
东信和平,SZ002017,sz.002017
GQY视讯,SZ300076,sz.300076
棒杰股份,SZ002634,sz.002634
优利德,SH688628,sh.688628
网达软件,SH603189,sh.603189
贵人鸟,SH603555,sh.603555
中广天择,SH603721,sh.603721
鑫科材料,SH600255,sh.600255
凡拓数创,SZ301313,sz.301313
奥普家居,SH603551,sh.603551
综艺股份,SH600770,sh.600770
金时科技,SZ002951,sz.002951
浪潮信息,SZ000977,sz.000977
久祺股份,SZ300994,sz.300994
湘佳股份,SZ002982,sz.002982
通达海,SZ301378,sz.301378
和元生物,SH688238,sh.688238
荣盛发展,SZ002146,sz.002146
海能实业,SZ300787,sz.300787
奥飞数据,SZ300738,sz.300738
迦南智能,SZ300880,sz.300880
天虹股份,SZ002419,sz.002419
九鼎投资,SH600053,sh.600053
融捷健康,SZ300247,sz.300247
百龙创园,SH605016,sh.605016
华立科技,SZ301011,sz.301011
泉阳泉,SH600189,sh.600189
星徽股份,SZ300464,sz.300464
奥雅股份,SZ300949,sz.300949
粤海饲料,SZ001313,sz.001313
好想你,SZ002582,sz.002582
光弘科技,SZ300735,sz.300735
美好置业,SZ000667,sz.000667
东港股份,SZ002117,sz.002117
莱茵体育,SZ000558,sz.000558
佳讯飞鸿,SZ300213,sz.300213
酒鬼酒,SZ000799,sz.000799
极米科技,SH688696,sh.688696
英维克,SZ002837,sz.002837
浙江建投,SZ002761,sz.002761
电气风电,SH688660,sh.688660
安德利,SH605198,sh.605198
四通股份,SH603838,sh.603838
启明信息,SZ002232,sz.002232
彩讯股份,SZ300634,sz.300634
恒顺醋业,SH600305,sh.600305
创维数字,SZ000810,sz.000810
星辉娱乐,SZ300043,sz.300043
精伦电子,SH600355,sh.600355
神雾节能,SZ000820,sz.000820
奥佳华,SZ002614,sz.002614
钧达股份,SZ002865,sz.002865
行动教育,SH605098,sh.605098
天和防务,SZ300397,sz.300397
晶雪节能,SZ301010,sz.301010
比音勒芬,SZ002832,sz.002832
上海梅林,SH600073,sh.600073
珍宝岛,SH603567,sh.603567
惠而浦,SH600983,sh.600983
白云机场,SH600004,sh.600004
江苏舜天,SH600287,sh.600287
京城股份,SH600860,sh.600860
佳都科技,SH600728,sh.600728
长城电工,SH600192,sh.600192
惠泉啤酒,SH600573,sh.600573
华斯股份,SZ002494,sz.002494
海力风电,SZ301155,sz.301155
万辰生物,SZ300972,sz.300972
吉视传媒,SH601929,sh.601929
茂业商业,SH600828,sh.600828
探路者,SZ300005,sz.300005
大晟文化,SH600892,sh.600892
中迪投资,SZ000609,sz.000609
上海洗霸,SH603200,sh.603200
恒力石化,SH600346,sh.600346
亨迪药业,SZ301211,sz.301211
双一科技,SZ300690,sz.300690
石基信息,SZ002153,sz.002153
百洋医药,SZ301015,sz.301015
开创国际,SH600097,sh.600097
威胜信息,SH688100,sh.688100
大胜达,SH603687,sh.603687
民生控股,SZ000416,sz.000416
东望时代,SH600052,sh.600052
台华新材,SH603055,sh.603055
我乐家居,SH603326,sh.603326
竞业达,SZ003005,sz.003005
创益通,SZ300991,sz.300991
粤传媒,SZ002181,sz.002181
拓维信息,SZ002261,sz.002261
恒实科技,SZ300513,sz.300513
步步高,SZ002251,sz.002251
远望谷,SZ002161,sz.002161
中新赛克,SZ002912,sz.002912
中天精装,SZ002989,sz.002989
顾家家居,SH603816,sh.603816
广西广电,SH600936,sh.600936
王府井,SH600859,sh.600859
天威视讯,SZ002238,sz.002238
科思股份,SZ300856,sz.300856
泰胜风能,SZ300129,sz.300129
晨丰科技,SH603685,sh.603685
永悦科技,SH603879,sh.603879
深信服,SZ300454,sz.300454
金智科技,SZ002090,sz.002090
国联水产,SZ300094,sz.300094
奥士康,SZ002913,sz.002913
会畅通讯,SZ300578,sz.300578
安琪酵母,SH600298,sh.600298
老白干酒,SH600559,sh.600559
喜临门,SH603008,sh.603008
小熊电器,SZ002959,sz.002959
奥普特,SH688686,sh.688686
国网信通,SH600131,sh.600131
武商集团,SZ000501,sz.000501
迎驾贡酒,SH603198,sh.603198
合肥百货,SZ000417,sz.000417
震有科技,SH688418,sh.688418
和晶科技,SZ300279,sz.300279
东方中科,SZ002819,sz.002819
张裕A,SZ000869,sz.000869
通程控股,SZ000419,sz.000419
京蓝科技,SZ000711,sz.000711
巴比食品,SH605338,sh.605338
迈信林,SH688685,sh.688685
甘源食品,SZ002991,sz.002991
惠天热电,SZ000692,sz.000692
飞利信,SZ300287,sz.300287
德艺文创,SZ300640,sz.300640
光电股份,SH600184,sh.600184
同方股份,SH600100,sh.600100
金刚光伏,SZ300093,sz.300093
卫宁健康,SZ300253,sz.300253
华测导航,SZ300627,sz.300627
家家悦,SH603708,sh.603708
三七互娱,SZ002555,sz.002555
大悦城,SZ000031,sz.000031
江南化工,SZ002226,sz.002226
惠程科技,SZ002168,sz.002168
键凯科技,SH688356,sh.688356
京北方,SZ002987,sz.002987
新特电气,SZ301120,sz.301120
瑞茂通,SH600180,sh.600180
凌志软件,SH688588,sh.688588
仙乐健康,SZ300791,sz.300791
金域医学,SH603882,sh.603882
粤泰股份,SH600393,sh.600393
飞科电器,SH603868,sh.603868
兰生股份,SH600826,sh.600826
东方电子,SZ000682,sz.000682
金海高科,SH603311,sh.603311
道道全,SZ002852,sz.002852
泸州老窖,SZ000568,sz.000568
众兴菌业,SZ002772,sz.002772
风语筑,SH603466,sh.603466
华利集团,SZ300979,sz.300979
迅游科技,SZ300467,sz.300467
筑博设计,SZ300564,sz.300564
申昊科技,SZ300853,sz.300853
利欧股份,SZ002131,sz.002131
四方光电,SH688665,sh.688665
时空科技,SH605178,sh.605178
时代出版,SH600551,sh.600551
熙菱信息,SZ300588,sz.300588
新华都,SZ002264,sz.002264
景嘉微,SZ300474,sz.300474
佳创视讯,SZ300264,sz.300264
海南椰岛,SH600238,sh.600238
三夫户外,SZ002780,sz.002780
宣亚国际,SZ300612,sz.300612
博济医药,SZ300404,sz.300404
岳阳林纸,SH600963,sh.600963
英力股份,SZ300956,sz.300956
中视传媒,SH600088,sh.600088
康众医疗,SH688607,sh.688607
佳云科技,SZ300242,sz.300242
新智认知,SH603869,sh.603869
贝泰妮,SZ300957,sz.300957
爱博医疗,SH688050,sh.688050
南宁糖业,SZ000911,sz.000911
金牌厨柜,SH603180,sh.603180
一心堂,SZ002727,sz.002727
贵广网络,SH600996,sh.600996
朗姿股份,SZ002612,sz.002612
全聚德,SZ002186,sz.002186
中际联合,SH605305,sh.605305
牧高笛,SH603908,sh.603908
华胜天成,SH600410,sh.600410
宣泰医药,SH688247,sh.688247
水井坊,SH600779,sh.600779
惠泰医疗,SH688617,sh.688617
海天瑞声,SH688787,sh.688787
电广传媒,SZ000917,sz.000917
江龙船艇,SZ300589,sz.300589
老百姓,SH603883,sh.603883
太平鸟,SH603877,sh.603877
无锡振华,SH605319,sh.605319
华铭智能,SZ300462,sz.300462
天士力,SH600535,sh.600535
冰川网络,SZ300533,sz.300533
安井食品,SH603345,sh.603345
伟星股份,SZ002003,sz.002003
丸美股份,SH603983,sh.603983
华数传媒,SZ000156,sz.000156
雪榕生物,SZ300511,sz.300511
欢乐家,SZ300997,sz.300997
天亿马,SZ301178,sz.301178
佐力药业,SZ300181,sz.300181
雅博股份,SZ002323,sz.002323
会稽山,SH601579,sh.601579
致远互联,SH688369,sh.688369
嘉和美康,SH688246,sh.688246
同飞股份,SZ300990,sz.300990
中大力德,SZ002896,sz.002896
优刻得-W,SH688158,sh.688158
测绘股份,SZ300826,sz.300826
江西长运,SH600561,sh.600561
科大国创,SZ300520,sz.300520
百联股份,SH600827,sh.600827
福建金森,SZ002679,sz.002679
杭州园林,SZ300649,sz.300649
华映科技,SZ000536,sz.000536
金陵饭店,SH601007,sh.601007
智微智能,SZ001339,sz.001339
德尔未来,SZ002631,sz.002631
太龙股份,SZ300650,sz.300650
徐家汇,SZ002561,sz.002561
天龙集团,SZ300063,sz.300063
三六零,SH601360,sh.601360
北新建材,SZ000786,sz.000786
鸣志电器,SH603728,sh.603728
华扬联众,SH603825,sh.603825
日辰股份,SH603755,sh.603755
美利云,SZ000815,sz.000815
华阳国际,SZ002949,sz.002949
松炀资源,SH603863,sh.603863
美吉姆,SZ002621,sz.002621
中科通达,SH688038,sh.688038
物产中大,SH600704,sh.600704
豪悦护理,SH605009,sh.605009
同为股份,SZ002835,sz.002835
博瑞传播,SH600880,sh.600880
华西股份,SZ000936,sz.000936
若羽臣,SZ003010,sz.003010
伊力特,SH600197,sh.600197
卓翼科技,SZ002369,sz.002369
天音控股,SZ000829,sz.000829
金雷股份,SZ300443,sz.300443
高争民爆,SZ002827,sz.002827
东易日盛,SZ002713,sz.002713
云从科技-UW,SH688327,sh.688327
华谊兄弟,SZ300027,sz.300027
口子窖,SH603589,sh.603589
成都先导,SH688222,sh.688222
水羊股份,SZ300740,sz.300740
海信家电,SZ000921,sz.000921
信捷电气,SH603416,sh.603416
青海春天,SH600381,sh.600381
马应龙,SH600993,sh.600993
金种子酒,SH600199,sh.600199
宁通信B,SZ200468,sz.200468
金信诺,SZ300252,sz.300252
唐人神,SZ002567,sz.002567
安图生物,SH603658,sh.603658
协鑫能科,SZ002015,sz.002015
金科股份,SZ000656,sz.000656
广州酒家,SH603043,sh.603043
四方科技,SH603339,sh.603339
奥比中光-UW,SH688322,sh.688322
大连友谊,SZ000679,sz.000679
正平股份,SH603843,sh.603843
广誉远,SH600771,sh.600771
广博股份,SZ002103,sz.002103
沃尔核材,SZ002130,sz.002130
生物股份,SH600201,sh.600201
永和股份,SH605020,sh.605020
老板电器,SZ002508,sz.002508
恒华科技,SZ300365,sz.300365
拓尔思,SZ300229,sz.300229
新产业,SZ300832,sz.300832
首旅酒店,SH600258,sh.600258
雷柏科技,SZ002577,sz.002577
佰维存储,SH688525,sh.688525
新五丰,SH600975,sh.600975
聚飞光电,SZ300303,sz.300303
新开普,SZ300248,sz.300248
沃格光电,SH603773,sh.603773
因赛集团,SZ300781,sz.300781
三未信安,SH688489,sh.688489
皖新传媒,SH601801,sh.601801
中顺洁柔,SZ002511,sz.002511
长亮科技,SZ300348,sz.300348
挖金客,SZ301380,sz.301380
美年健康,SZ002044,sz.002044
九典制药,SZ300705,sz.300705
立昂技术,SZ300603,sz.300603
中国高科,SH600730,sh.600730
华嵘控股,SH600421,sh.600421
川网传媒,SZ300987,sz.300987
博菲电气,SZ001255,sz.001255
昆仑万维,SZ300418,sz.300418
西安旅游,SZ000610,sz.000610
汉王科技,SZ002362,sz.002362
居然之家,SZ000785,sz.000785
佳禾智能,SZ300793,sz.300793
小商品城,SH600415,sh.600415
麦克奥迪,SZ300341,sz.300341
普联软件,SZ300996,sz.300996
九洲药业,SH603456,sh.603456
中远海科,SZ002401,sz.002401
盛天网络,SZ300494,sz.300494
招商积余,SZ001914,sz.001914
龙版传媒,SH605577,sh.605577
C柏诚,SH601133,sh.601133
蒙娜丽莎,SZ002918,sz.002918
科锐国际,SZ300662,sz.300662
三峡旅游,SZ002627,sz.002627
东旭蓝天,SZ000040,sz.000040
今世缘,SH603369,sh.603369
同有科技,SZ300302,sz.300302
奥瑞金,SZ002701,sz.002701
王力安防,SH605268,sh.605268
东软集团,SH600718,sh.600718
科新机电,SZ300092,sz.300092
引力传媒,SH603598,sh.603598
美腾科技,SH688420,sh.688420
劲仔食品,SZ003000,sz.003000
搜于特,SZ002503,sz.002503
神思电子,SZ300479,sz.300479
大富科技,SZ300134,sz.300134
罗普特,SH688619,sh.688619
安妮股份,SZ002235,sz.002235
浙文影业,SH601599,sh.601599
正元智慧,SZ300645,sz.300645
东方国信,SZ300166,sz.300166
重庆路桥,SH600106,sh.600106
掌趣科技,SZ300315,sz.300315
锐捷网络,SZ301165,sz.301165
开普云,SH688228,sh.688228
杰华特,SH688141,sh.688141
思创医惠,SZ300078,sz.300078
姚记科技,SZ002605,sz.002605
浙文互联,SH600986,sh.600986
朗新科技,SZ300682,sz.300682
德宏股份,SH603701,sh.603701
豆神教育,SZ300010,sz.300010
黑芝麻,SZ000716,sz.000716
遥望科技,SZ002291,sz.002291
火星人,SZ300894,sz.300894
保利联合,SZ002037,sz.002037
益丰药房,SH603939,sh.603939
首航高科,SZ002665,sz.002665
湖北广电,SZ000665,sz.000665
恒银科技,SH603106,sh.603106
中信出版,SZ300788,sz.300788
江波龙,SZ301308,sz.301308
丽人丽妆,SH605136,sh.605136
宋城演艺,SZ300144,sz.300144
有棵树,SZ300209,sz.300209
芒果超媒,SZ300413,sz.300413
华峰化学,SZ002064,sz.002064
有研粉材,SH688456,sh.688456
创业慧康,SZ300451,sz.300451
和科达,SZ002816,sz.002816
跨境通,SZ002640,sz.002640
中亚股份,SZ300512,sz.300512
太极集团,SH600129,sh.600129
内蒙新华,SH603230,sh.603230
永新股份,SZ002014,sz.002014
吉比特,SH603444,sh.603444
城市传媒,SH600229,sh.600229
扬州金泉,SH603307,sh.603307
顺鑫农业,SZ000860,sz.000860
三五互联,SZ300051,sz.300051
中科云网,SZ002306,sz.002306
初灵信息,SZ300250,sz.300250
桂发祥,SZ002820,sz.002820
长江传媒,SH600757,sh.600757
天永智能,SH603895,sh.603895
海默科技,SZ300084,sz.300084
莫高股份,SH600543,sh.600543
科新发展,SH600234,sh.600234
赛为智能,SZ300044,sz.300044
天目湖,SH603136,sh.603136
杭州解百,SH600814,sh.600814
元隆雅图,SZ002878,sz.002878
创意信息,SZ300366,sz.300366
海峡股份,SZ002320,sz.002320
华天酒店,SZ000428,sz.000428
三维天地,SZ301159,sz.301159
苏威孚B,SZ200581,sz.200581
申菱环境,SZ301018,sz.301018
禾川科技,SH688320,sh.688320
新华文轩,SH601811,sh.601811
华源控股,SZ002787,sz.002787
迪安诊断,SZ300244,sz.300244
汉仪股份,SZ301270,sz.301270
紫天科技,SZ300280,sz.300280
长白山,SH603099,sh.603099
中原传媒,SZ000719,sz.000719
重庆啤酒,SH600132,sh.600132
线上线下,SZ300959,sz.300959
九牧王,SH601566,sh.601566
易联众,SZ300096,sz.300096
蓝光发展,SH600466,sh.600466
兆讯传媒,SZ301102,sz.301102
新宏泰,SH603016,sh.603016
有友食品,SH603697,sh.603697
健之佳,SH605266,sh.605266
广弘控股,SZ000529,sz.000529
致远新能,SZ300985,sz.300985
中央商场,SH600280,sh.600280
英威腾,SZ002334,sz.002334
紫鑫药业,SZ002118,sz.002118
来伊份,SH603777,sh.603777
济民医疗,SH603222,sh.603222
国脉文化,SH600640,sh.600640
众信旅游,SZ002707,sz.002707
新华传媒,SH600825,sh.600825
鸿博股份,SZ002229,sz.002229
山东出版,SH601019,sh.601019
健民集团,SH600976,sh.600976
钱江摩托,SZ000913,sz.000913
西子洁能,SZ002534,sz.002534
凤凰传媒,SH601928,sh.601928
天地在线,SZ002995,sz.002995
志邦家居,SH603801,sh.603801
国旅联合,SH600358,sh.600358
读者传媒,SH603999,sh.603999
万达信息,SZ300168,sz.300168
财信发展,SZ000838,sz.000838
德生科技,SZ002908,sz.002908
东阿阿胶,SZ000423,sz.000423
桃李面包,SH603866,sh.603866
豪美新材,SZ002988,sz.002988
信安世纪,SH688201,sh.688201
汤姆猫,SZ300459,sz.300459
海南瑞泽,SZ002596,sz.002596
欧陆通,SZ300870,sz.300870
我爱我家,SZ000560,sz.000560
源杰科技,SH688498,sh.688498
中天金融,SZ000540,sz.000540
零点有数,SZ301169,sz.301169
新华百货,SH600785,sh.600785
达仁堂,SH600329,sh.600329
名臣健康,SZ002919,sz.002919
威孚高科,SZ000581,sz.000581
祥源文旅,SH600576,sh.600576
当虹科技,SH688039,sh.688039
普路通,SZ002769,sz.002769
德必集团,SZ300947,sz.300947
云南旅游,SZ002059,sz.002059
三六五网,SZ300295,sz.300295
泛海控股,SZ000046,sz.000046
南方传媒,SH601900,sh.601900
浩瀚深度,SH688292,sh.688292
吉大正元,SZ003029,sz.003029
中南传媒,SH601098,sh.601098
福石控股,SZ300071,sz.300071
黄山旅游,SH600054,sh.600054
恒信东方,SZ300081,sz.300081
分众传媒,SZ002027,sz.002027
省广集团,SZ002400,sz.002400
太和水,SH605081,sh.605081
新日股份,SH603787,sh.603787
国联股份,SH603613,sh.603613
锦江酒店,SH600754,sh.600754
天马股份,SZ002122,sz.002122
出版传媒,SH601999,sh.601999
飞天诚信,SZ300386,sz.300386
万兴科技,SZ300624,sz.300624
中国出版,SH601949,sh.601949
康惠制药,SH603139,sh.603139
壹网壹创,SZ300792,sz.300792
传智教育,SZ003032,sz.003032
博创科技,SZ300548,sz.300548
新媒股份,SZ300770,sz.300770
奋达科技,SZ002681,sz.002681
国新文化,SH600636,sh.600636
箭牌家居,SZ001322,sz.001322
吉宏股份,SZ002803,sz.002803
迈拓股份,SZ301006,sz.301006
桂林旅游,SZ000978,sz.000978
江山欧派,SH603208,sh.603208
西域旅游,SZ300859,sz.300859
联特科技,SZ301205,sz.301205
兴图新科,SH688081,sh.688081
慧辰股份,SH688500,sh.688500
萤石网络,SH688475,sh.688475
香飘飘,SH603711,sh.603711
三江购物,SH601116,sh.601116
卓创资讯,SZ301299,sz.301299
西安饮食,SZ000721,sz.000721
